Date,AAPL,MSFT,GOOGL,AMZN,TSLA,META,NVDA,BRK-B,JPM,JNJ
2022-01-03 00:00:00-05:00,179.48,327.53,144.83,170.4,399.93,337.85,30.08,300.79,150.4,159.71
2022-01-04 00:00:00-05:00,177.2,321.91,144.23,167.52,383.2,335.84,29.25,308.53,156.11,159.28
2022-01-05 00:00:00-05:00,172.49,309.56,137.62,164.36,362.71,323.51,27.56,309.92,153.25,160.35
2022-01-06 00:00:00-05:00,169.61,307.11,137.59,163.25,354.9,331.78,28.14,313.22,154.88,159.8
2022-01-07 00:00:00-05:00,169.78,307.27,136.86,162.55,342.32,331.11,27.21,319.78,156.42,161.96
2022-01-10 00:00:00-05:00,169.8,307.49,138.51,161.49,352.71,327.4,27.36,318.93,156.57,161.16
2022-01-11 00:00:00-05:00,172.65,308.19,139.58,165.36,354.8,333.68,27.78,319.8,156.72,159.44
2022-01-12 00:00:00-05:00,173.09,311.41,141.27,165.21,368.74,332.58,27.96,320.39,157.61,158.08
2022-01-13 00:00:00-05:00,169.8,298.23,138.43,161.21,343.85,325.81,26.53,321.26,157.42,157.12
2022-01-14 00:00:00-05:00,170.67,303.51,139.32,162.14,349.87,331.22,26.9,324.13,147.74,156.27
2022-01-18 00:00:00-05:00,167.44,296.12,135.84,158.92,343.5,317.5,25.86,320.29,141.55,155.58
2022-01-19 00:00:00-05:00,163.92,296.79,134.96,156.3,331.88,318.93,25.03,314.75,139.36,155.09
2022-01-20 00:00:00-05:00,162.22,295.1,133.15,151.67,332.09,315.91,24.11,311.01,138.17,153.86
2022-01-21 00:00:00-05:00,160.15,289.65,130.2,142.64,314.63,302.55,23.34,305.22,135.75,153.5
2022-01-24 00:00:00-05:00,159.37,289.98,130.65,144.54,310.0,308.08,23.34,303.73,135.63,151.73
2022-01-25 00:00:00-05:00,157.56,282.27,126.79,139.99,306.13,299.53,22.29,307.19,137.11,156.07
2022-01-26 00:00:00-05:00,157.47,290.31,129.08,138.87,312.47,294.03,22.74,309.26,138.41,156.77
2022-01-27 00:00:00-05:00,157.01,293.37,128.86,139.64,276.37,294.04,21.91,307.67,135.97,158.83
2022-01-28 00:00:00-05:00,167.96,301.61,133.2,143.98,282.12,301.09,22.81,312.9,137.19,159.94
2022-01-31 00:00:00-05:00,172.35,304.27,135.15,149.57,312.24,312.62,24.45,313.02,139.05,160.41
2022-02-01 00:00:00-05:00,172.18,302.1,137.49,151.19,310.42,318.35,24.6,313.96,141.43,159.1
2022-02-02 00:00:00-05:00,173.4,306.7,147.83,150.61,301.89,322.34,25.2,319.6,140.3,160.86
2022-02-03 00:00:00-05:00,170.5,294.75,142.93,138.85,297.05,237.27,23.91,315.23,139.14,160.85
2022-02-04 00:00:00-05:00,170.21,299.34,143.13,157.64,307.77,236.6,24.28,314.99,142.75,159.8
2022-02-07 00:00:00-05:00,169.49,294.46,139.04,157.94,302.45,224.45,24.69,316.51,143.23,159.27
2022-02-08 00:00:00-05:00,172.62,297.99,139.24,161.41,307.33,219.73,25.07,321.44,145.93,159.68
2022-02-09 00:00:00-05:00,174.05,304.5,141.43,161.19,310.67,231.52,26.66,322.38,146.53,159.67
2022-02-10 00:00:00-05:00,169.94,295.86,138.46,159.0,301.52,227.6,25.79,319.85,145.93,157.74
2022-02-11 00:00:00-05:00,166.51,288.68,134.13,153.29,286.67,219.1,23.91,319.14,144.03,156.15
2022-02-14 00:00:00-05:00,166.75,288.64,135.37,155.17,291.92,217.25,24.23,314.28,142.69,154.18
2022-02-15 00:00:00-05:00,170.61,293.99,136.45,156.51,307.48,220.55,26.46,316.2,144.78,155.77
2022-02-16 00:00:00-05:00,170.37,293.65,137.58,158.1,307.8,216.1,26.47,315.65,145.04,155.68
2022-02-17 00:00:00-05:00,166.75,285.05,132.39,154.65,292.12,207.28,24.47,313.55,141.7,154.73
2022-02-18 00:00:00-05:00,165.19,282.3,130.25,152.6,285.66,205.74,23.61,314.8,142.36,153.07
2022-02-22 00:00:00-05:00,162.24,282.1,129.66,150.2,273.84,201.67,23.35,314.16,142.11,150.99
2022-02-23 00:00:00-05:00,158.05,274.79,127.44,144.83,254.68,198.04,22.35,309.99,139.13,151.07
2022-02-24 00:00:00-05:00,160.68,288.83,132.54,151.36,266.92,207.17,23.71,308.28,135.26,148.18
2022-02-25 00:00:00-05:00,162.77,291.5,134.31,153.79,269.96,210.05,24.12,319.24,138.46,155.55
2022-02-28 00:00:00-05:00,163.03,292.95,134.9,153.56,290.14,210.6,24.35,321.45,132.69,154.21
2022-03-01 00:00:00-05:00,161.14,289.19,133.91,151.14,288.12,203.07,23.44,316.84,127.68,153.67
2022-03-02 00:00:00-05:00,164.46,294.32,134.42,152.05,293.3,207.68,24.19,323.64,130.33,155.58
2022-03-03 00:00:00-05:00,164.13,290.14,133.75,147.9,279.76,202.55,23.68,327.74,129.4,157.87
2022-03-04 00:00:00-05:00,161.11,284.19,131.76,145.64,279.43,199.65,22.91,325.34,125.76,158.81
2022-03-07 00:00:00-05:00,157.29,273.46,126.23,137.45,268.19,187.09,21.32,322.72,120.9,161.37
2022-03-08 00:00:00-05:00,155.45,270.46,126.96,136.01,274.8,189.9,21.49,318.52,120.05,158.09
2022-03-09 00:00:00-05:00,160.89,282.86,133.27,139.28,286.32,198.09,22.98,325.4,124.86,158.69
2022-03-10 00:00:00-05:00,156.52,280.01,132.28,146.82,279.43,194.81,22.63,325.3,123.38,158.98
2022-03-11 00:00:00-05:00,152.77,274.6,129.72,145.52,265.12,187.23,22.07,326.6,120.61,158.69
2022-03-14 00:00:00-04:00,148.72,271.04,125.81,141.85,255.46,186.25,21.3,329.98,121.8,160.88
2022-03-15 00:00:00-04:00,153.13,281.54,129.05,147.37,267.3,191.64,22.94,332.55,123.96,165.05
2022-03-16 00:00:00-04:00,157.57,288.64,133.13,153.1,280.08,203.21,24.46,336.11,129.5,163.53
2022-03-17 00:00:00-04:00,158.59,289.45,133.69,157.24,290.53,207.41,24.73,344.97,131.14,165.67
2022-03-18 00:00:00-04:00,161.91,294.56,135.97,161.25,301.8,216.05,26.42,342.41,131.09,163.83
2022-03-21 00:00:00-04:00,163.29,293.31,135.95,161.49,307.05,211.06,26.7,349.66,130.67,164.76
2022-03-22 00:00:00-04:00,166.69,298.12,139.71,164.89,331.33,216.21,26.49,349.93,133.45,163.98
2022-03-23 00:00:00-04:00,168.06,293.64,138.12,163.41,333.04,213.02,25.6,348.16,130.8,163.36
2022-03-24 00:00:00-04:00,171.87,298.16,141.41,163.65,337.97,219.12,28.11,352.37,131.65,164.2
2022-03-25 00:00:00-04:00,172.51,297.74,141.51,164.77,336.88,221.37,27.65,358.76,132.8,165.78
2022-03-28 00:00:00-04:00,173.38,304.63,141.29,168.99,363.95,223.13,28.18,359.57,131.82,166.63
2022-03-29 00:00:00-04:00,176.7,309.25,142.34,169.32,366.52,229.39,28.62,355.12,132.11,166.55
2022-03-30 00:00:00-04:00,175.52,307.73,141.78,166.3,364.66,227.38,27.65,357.61,131.51,168.28
2022-03-31 00:00:00-04:00,172.4,302.28,138.91,163.0,359.2,221.9,27.25,352.91,127.56,166.07
2022-04-01 00:00:00-04:00,172.11,303.37,139.99,163.56,361.53,224.39,26.68,351.88,126.61,166.97
2022-04-04 00:00:00-04:00,176.18,308.81,142.81,168.35,381.82,233.41,27.32,345.43,127.17,165.36
2022-04-05 00:00:00-04:00,172.85,304.8,140.43,164.05,363.75,231.36,25.9,344.8,125.69,166.43
2022-04-06 00:00:00-04:00,169.66,293.65,136.39,158.76,348.59,222.84,24.37,344.71,123.95,170.75
2022-04-07 00:00:00-04:00,169.96,295.48,135.73,157.78,352.42,222.49,24.18,346.51,123.57,170.31
2022-04-08 00:00:00-04:00,167.94,291.17,133.13,154.46,341.83,221.87,23.09,353.1,125.84,170.65
2022-04-11 00:00:00-04:00,163.66,279.68,128.68,151.12,325.31,216.02,21.89,352.02,125.37,168.51
2022-04-12 00:00:00-04:00,165.54,276.55,127.57,150.79,328.98,213.7,21.48,349.74,124.0,168.57
2022-04-13 00:00:00-04:00,168.25,282.0,129.75,155.54,340.79,214.55,22.17,346.22,120.0,169.28
2022-04-14 00:00:00-04:00,163.2,274.36,126.58,151.71,328.33,209.75,21.23,344.33,118.89,168.57
2022-04-18 00:00:00-04:00,162.98,275.04,127.53,152.79,334.76,210.34,21.75,346.65,121.09,166.47
2022-04-19 00:00:00-04:00,165.28,279.72,129.86,158.12,342.72,216.86,22.17,348.5,123.6,171.55
2022-04-20 00:00:00-04:00,165.12,280.76,127.89,154.0,325.73,200.01,21.45,348.82,124.04,172.31
2022-04-21 00:00:00-04:00,164.32,275.32,124.67,148.3,336.26,187.68,20.16,343.6,123.07,171.81
2022-04-22 00:00:00-04:00,159.75,268.67,119.5,144.35,335.02,183.73,19.49,335.56,119.54,170.11
2022-04-25 00:00:00-04:00,160.82,275.23,122.93,146.07,332.67,186.61,19.88,336.95,119.5,174.3
2022-04-26 00:00:00-04:00,154.82,264.94,118.51,139.39,292.14,180.58,18.76,330.65,115.97,173.05
2022-04-27 00:00:00-04:00,154.59,277.68,114.16,138.17,293.84,174.59,18.39,329.58,114.46,170.63
2022-04-28 00:00:00-04:00,161.57,283.97,118.39,144.6,292.5,205.31,19.76,331.27,116.27,171.91
2022-04-29 00:00:00-04:00,155.66,272.1,113.98,124.28,290.25,200.06,18.52,322.83,112.52,169.1
2022-05-02 00:00:00-04:00,155.96,278.91,116.45,124.5,300.98,210.7,19.51,318.19,113.54,167.39
2022-05-03 00:00:00-04:00,157.46,276.27,117.2,124.25,303.08,211.6,19.58,318.99,115.98,167.06
2022-05-04 00:00:00-04:00,163.92,284.31,122.12,125.93,317.54,222.95,20.31,326.8,119.81,168.85
2022-05-05 00:00:00-04:00,154.79,271.93,116.37,116.41,291.09,207.85,18.82,318.68,116.81,165.63
2022-05-06 00:00:00-04:00,155.52,269.36,115.61,114.77,288.55,203.35,18.65,318.88,116.63,165.26
2022-05-09 00:00:00-04:00,150.36,259.41,112.38,108.79,262.37,195.81,16.93,312.96,114.87,166.16
2022-05-10 00:00:00-04:00,152.78,264.23,114.26,108.86,266.68,197.24,17.57,312.53,112.07,165.94
2022-05-11 00:00:00-04:00,144.86,255.46,113.47,105.37,244.67,188.35,16.61,311.54,111.37,165.04
2022-05-12 00:00:00-04:00,140.97,250.36,112.71,106.93,242.67,190.85,16.15,308.06,111.27,166.67
2022-05-13 00:00:00-04:00,145.46,256.02,115.92,113.06,256.53,198.21,17.68,310.36,112.26,165.71
2022-05-16 00:00:00-04:00,143.91,256.39,114.31,110.81,241.46,199.63,17.24,309.29,111.48,166.87
2022-05-17 00:00:00-04:00,147.57,261.61,116.34,115.37,253.87,202.2,18.15,314.6,115.17,167.56
2022-05-18 00:00:00-04:00,139.24,249.69,111.77,107.11,236.6,191.85,16.92,306.64,113.2,164.45
2022-05-19 00:00:00-04:00,135.81,248.77,110.26,107.32,236.47,190.9,17.1,304.15,111.53,162.99
2022-05-20 00:00:00-04:00,136.05,248.2,108.78,107.59,221.3,193.14,16.67,304.05,110.61,165.83
2022-05-23 00:00:00-04:00,141.51,256.15,111.36,107.56,224.97,195.83,16.88,310.2,117.46,169.22
2022-05-24 00:00:00-04:00,138.79,255.14,105.85,104.1,209.39,180.91,16.13,309.17,119.11,171.07
2022-05-25 00:00:00-04:00,138.95,257.99,105.68,106.78,219.6,183.45,16.95,308.64,119.94,169.39
2022-05-26 00:00:00-04:00,142.17,261.31,107.67,111.08,235.91,191.24,17.83,312.5,122.02,169.24
2022-05-27 00:00:00-04:00,147.97,268.52,112.19,115.15,253.21,194.73,18.79,319.11,123.74,170.78
2022-05-31 00:00:00-04:00,147.17,267.18,113.63,120.21,252.75,193.24,18.65,315.98,124.65,169.31
2022-06-01 00:00:00-04:00,147.05,267.72,113.76,121.68,246.79,188.25,18.3,312.21,122.46,167.59
2022-06-02 00:00:00-04:00,149.52,269.84,117.49,125.51,258.33,198.45,19.57,314.95,124.43,167.06
2022-06-03 00:00:00-04:00,143.75,265.36,114.41,122.35,234.52,190.39,18.69,310.94,122.7,166.37
2022-06-06 00:00:00-04:00,144.51,264.11,116.69,124.79,238.28,193.85,18.76,312.15,122.29,166.35
2022-06-07 00:00:00-04:00,147.05,267.8,117.02,123.0,238.89,195.25,18.9,313.65,122.61,168.18
2022-06-08 00:00:00-04:00,146.3,265.74,117.06,121.18,241.87,196.24,18.63,308.74,120.66,167.18
2022-06-09 00:00:00-04:00,141.04,260.22,114.7,116.15,239.71,183.62,18.03,300.8,118.12,163.82
2022-06-10 00:00:00-04:00,135.6,248.62,111.03,109.65,232.23,175.21,16.95,291.71,112.69,162.72
2022-06-13 00:00:00-04:00,130.4,238.08,106.27,103.67,215.74,163.92,15.63,281.56,109.34,161.08
2022-06-14 00:00:00-04:00,131.27,240.27,106.59,102.31,220.89,163.39,15.82,277.64,107.52,158.61
2022-06-15 00:00:00-04:00,133.91,247.41,109.64,107.67,233.0,169.0,16.51,278.93,108.79,160.31
2022-06-16 00:00:00-04:00,128.61,240.74,105.91,103.66,213.1,160.54,15.58,268.56,106.93,160.39
2022-06-17 00:00:00-04:00,130.09,243.38,107.02,106.22,216.76,163.4,15.86,268.08,106.55,159.81
2022-06-21 00:00:00-04:00,134.35,249.36,111.42,108.68,237.04,156.73,16.55,271.77,109.19,163.16
2022-06-22 00:00:00-04:00,133.84,248.76,111.36,108.95,236.09,155.53,16.34,269.79,108.58,165.73
2022-06-23 00:00:00-04:00,136.72,254.39,112.11,112.44,235.07,158.42,16.21,267.52,107.39,169.43
2022-06-24 00:00:00-04:00,140.08,263.08,117.84,116.46,245.71,169.81,17.11,278.28,110.59,171.91
2022-06-27 00:00:00-04:00,140.08,260.32,115.7,113.22,244.92,169.14,16.85,278.4,109.71,171.75
2022-06-28 00:00:00-04:00,135.9,252.05,111.88,107.4,232.66,160.35,15.96,273.86,109.18,166.86
2022-06-29 00:00:00-04:00,137.67,255.77,111.57,108.92,228.49,163.6,15.52,273.49,108.69,166.91
2022-06-30 00:00:00-04:00,135.19,252.4,108.84,106.21,224.47,160.92,15.14,273.02,106.15,167.4
2022-07-01 00:00:00-04:00,137.38,255.1,108.61,109.56,227.26,159.7,14.51,277.5,107.51,169.3
2022-07-05 00:00:00-04:00,139.98,258.31,113.13,113.5,233.07,167.85,14.95,275.69,107.1,167.99
2022-07-06 00:00:00-04:00,141.32,261.61,114.44,114.33,231.73,169.42,15.11,275.65,106.41,168.15
2022-07-07 00:00:00-04:00,144.71,263.77,118.65,116.33,244.54,171.84,15.84,279.28,109.1,168.33
2022-07-08 00:00:00-04:00,145.4,263.04,119.22,115.54,250.76,170.53,15.82,280.83,108.76,168.13
2022-07-11 00:00:00-04:00,143.25,259.94,115.54,111.75,234.34,162.55,15.13,278.51,107.33,168.19
2022-07-12 00:00:00-04:00,144.23,249.29,113.89,109.22,233.07,162.94,15.07,277.28,107.43,165.83
2022-07-13 00:00:00-04:00,143.86,248.36,111.23,110.4,237.04,163.15,15.15,277.47,106.43,165.45
2022-07-14 00:00:00-04:00,146.81,249.69,110.24,110.63,238.31,157.73,15.35,274.41,102.71,165.67
2022-07-15 00:00:00-04:00,148.49,252.29,111.65,113.55,240.07,164.36,15.74,278.48,107.42,168.08
2022-07-18 00:00:00-04:00,145.42,249.86,108.91,113.76,240.55,166.89,16.08,276.26,106.31,164.31
2022-07-19 00:00:00-04:00,149.31,255.05,113.68,118.21,245.53,175.42,16.97,283.55,108.95,161.91
2022-07-20 00:00:00-04:00,151.33,257.74,113.77,122.77,247.5,182.71,17.79,286.04,108.93,160.99
2022-07-21 00:00:00-04:00,153.61,260.27,114.21,124.63,271.71,182.79,18.03,286.85,109.67,161.55
2022-07-22 00:00:00-04:00,152.37,255.87,107.78,122.42,272.24,168.92,17.3,285.93,109.14,162.32
2022-07-25 00:00:00-04:00,151.24,254.36,107.39,121.14,268.43,166.31,17.0,287.99,109.57,162.64
2022-07-26 00:00:00-04:00,149.9,247.55,104.9,114.81,258.86,158.82,16.51,285.31,107.86,163.79
2022-07-27 00:00:00-04:00,155.04,264.1,112.93,120.97,274.82,169.23,17.77,290.3,109.59,163.34
2022-07-28 00:00:00-04:00,155.59,271.64,114.09,122.28,280.9,160.39,17.96,293.9,109.18,164.28
2022-07-29 00:00:00-04:00,160.69,275.89,116.19,134.95,297.15,158.77,18.14,300.6,109.71,164.58
2022-08-01 00:00:00-04:00,159.7,273.21,114.73,135.39,297.28,159.6,18.42,295.86,108.61,164.01
2022-08-02 00:00:00-04:00,158.22,270.08,115.0,134.16,300.59,159.86,18.51,292.17,106.92,163.07
2022-08-03 00:00:00-04:00,164.27,277.59,117.94,139.52,307.4,168.45,18.87,294.96,108.04,164.65
2022-08-04 00:00:00-04:00,163.96,278.75,118.05,142.57,308.63,170.22,19.19,292.91,106.85,162.01
2022-08-05 00:00:00-04:00,163.73,278.03,117.34,140.8,288.17,166.77,18.97,292.07,110.09,161.36
2022-08-08 00:00:00-04:00,163.25,275.48,117.17,139.41,290.42,169.9,17.77,292.34,108.75,160.51
2022-08-09 00:00:00-04:00,163.3,277.43,116.5,137.83,283.33,168.18,17.07,292.77,109.73,160.49
2022-08-10 00:00:00-04:00,167.58,284.17,119.56,142.69,294.36,177.97,18.08,295.11,112.59,160.95
2022-08-11 00:00:00-04:00,166.84,282.07,118.7,140.64,286.63,177.13,17.92,296.47,114.25,157.62
2022-08-12 00:00:00-04:00,170.41,286.87,121.54,143.55,300.03,180.13,18.69,301.55,116.15,155.89
2022-08-15 00:00:00-04:00,171.49,288.4,121.94,143.18,309.32,180.52,19.01,302.82,116.46,156.63
2022-08-16 00:00:00-04:00,171.33,287.66,121.56,144.78,306.56,179.1,18.86,306.65,117.57,158.03
2022-08-17 00:00:00-04:00,172.84,286.9,119.41,142.1,304.0,174.49,18.31,304.26,116.58,158.04
2022-08-18 00:00:00-04:00,172.44,285.77,120.03,142.3,302.87,174.3,18.75,304.27,115.68,157.27
2022-08-19 00:00:00-04:00,169.84,281.81,117.08,138.23,296.67,167.62,17.83,297.28,112.82,159.67
2022-08-22 00:00:00-04:00,165.93,273.54,114.11,133.22,289.91,162.72,17.01,288.69,110.95,159.11
2022-08-23 00:00:00-04:00,165.59,272.24,113.73,133.62,296.45,160.78,17.16,289.65,109.86,157.72
2022-08-24 00:00:00-04:00,165.89,271.6,113.56,133.8,297.1,162.93,17.2,293.52,110.13,157.2
2022-08-25 00:00:00-04:00,168.36,274.62,116.52,137.28,296.07,168.43,17.89,298.13,112.74,158.67
2022-08-26 00:00:00-04:00,162.01,264.02,110.21,130.75,288.09,161.45,16.24,289.96,109.05,155.96
2022-08-29 00:00:00-04:00,159.8,261.21,109.29,129.79,284.82,158.84,15.78,287.45,108.78,154.75
2022-08-30 00:00:00-04:00,157.35,258.98,108.82,128.73,277.7,156.84,15.45,285.42,108.8,154.21
2022-08-31 00:00:00-04:00,155.68,257.5,108.1,126.77,275.61,162.6,15.08,280.8,108.16,153.17
2022-09-01 00:00:00-04:00,156.41,256.45,109.61,127.82,277.16,165.02,13.92,282.43,108.9,156.97
2022-09-02 00:00:00-04:00,154.28,252.17,107.73,127.51,270.21,159.99,13.63,277.67,108.14,154.5
2022-09-06 00:00:00-04:00,153.01,249.41,106.69,126.11,274.42,158.21,13.45,276.59,108.17,154.92
2022-09-07 00:00:00-04:00,154.43,254.17,109.32,129.48,283.7,160.06,13.7,281.04,110.22,155.77
2022-09-08 00:00:00-04:00,152.94,254.6,108.26,129.82,289.26,161.73,13.98,283.34,112.79,157.02
2022-09-09 00:00:00-04:00,155.83,260.45,110.52,133.27,299.68,168.8,14.38,285.77,113.33,157.32
2022-09-12 00:00:00-04:00,161.83,262.6,110.73,136.45,304.42,168.61,14.49,288.51,114.67,157.26
2022-09-13 00:00:00-04:00,152.33,248.17,104.2,126.82,292.13,152.82,13.12,278.29,110.69,153.16
2022-09-14 00:00:00-04:00,153.79,248.39,104.88,128.55,302.61,151.16,13.12,278.42,110.43,156.33
2022-09-15 00:00:00-04:00,150.87,241.66,102.79,126.28,303.75,149.24,12.92,276.7,112.09,156.72
2022-09-16 00:00:00-04:00,149.22,241.03,102.68,123.53,303.35,145.99,13.19,274.81,111.34,159.12
2022-09-19 00:00:00-04:00,152.96,240.81,102.95,124.66,309.07,147.72,13.37,278.95,112.37,157.86
2022-09-20 00:00:00-04:00,155.36,238.77,101.02,122.19,308.73,145.79,13.17,277.13,110.15,156.62
2022-09-21 00:00:00-04:00,152.21,235.32,99.17,118.54,300.8,141.83,13.25,270.74,106.98,155.02
2022-09-22 00:00:00-04:00,151.24,237.32,100.03,117.31,288.59,142.53,12.55,268.51,105.76,157.77
2022-09-23 00:00:00-04:00,148.95,234.31,98.63,113.78,275.33,140.12,12.51,267.77,103.79,158.28
2022-09-26 00:00:00-04:00,149.29,233.85,98.06,115.15,276.01,136.09,12.22,264.32,101.56,157.31
2022-09-27 00:00:00-04:00,150.27,232.82,97.39,114.41,282.94,134.12,12.4,265.47,100.66,156.59
2022-09-28 00:00:00-04:00,148.37,237.41,99.94,118.01,287.81,141.32,12.73,271.78,102.7,157.94
2022-09-29 00:00:00-04:00,141.08,233.9,97.31,114.8,268.21,136.13,12.21,269.58,100.96,156.2
2022-09-30 00:00:00-04:00,136.84,229.37,95.54,113.0,265.25,135.4,12.13,267.02,99.38,155.09
2022-10-03 00:00:00-04:00,141.05,237.09,98.53,115.88,242.4,138.33,12.5,272.8,102.45,154.94
2022-10-04 00:00:00-04:00,144.67,245.1,101.52,121.09,249.44,139.99,13.16,280.49,107.24,157.24
2022-10-05 00:00:00-04:00,144.96,245.42,101.31,120.95,240.81,138.69,13.2,279.36,105.92,156.75
2022-10-06 00:00:00-04:00,144.0,243.04,101.3,120.3,238.13,138.78,13.12,276.31,103.76,153.71
2022-10-07 00:00:00-04:00,138.72,230.69,98.57,114.56,223.07,133.18,12.07,269.04,101.69,152.09
2022-10-10 00:00:00-04:00,139.04,225.77,97.75,113.67,222.96,133.52,11.66,266.93,100.74,152.29
2022-10-11 00:00:00-04:00,137.62,221.99,97.07,112.21,216.5,128.28,11.58,267.31,97.83,154.49
2022-10-12 00:00:00-04:00,136.98,222.32,97.45,112.9,217.24,127.24,11.49,264.0,99.41,154.46
2022-10-13 00:00:00-04:00,141.59,230.69,98.95,112.53,221.72,130.02,11.95,275.78,104.94,156.79
2022-10-14 00:00:00-04:00,137.02,225.09,96.45,106.9,204.99,126.5,11.22,272.67,106.69,156.14
2022-10-17 00:00:00-04:00,141.01,233.93,99.86,113.79,219.35,133.77,11.88,277.02,111.17,158.16
2022-10-18 00:00:00-04:00,142.34,234.88,100.65,116.36,220.19,132.53,11.96,281.67,114.03,157.61
2022-10-19 00:00:00-04:00,142.45,232.89,99.52,115.07,222.04,132.96,12.04,278.34,111.79,156.35
2022-10-20 00:00:00-04:00,141.98,232.57,99.86,115.25,207.28,131.26,12.18,273.53,111.43,156.75
2022-10-21 00:00:00-04:00,145.82,238.45,101.01,119.32,214.44,129.74,12.46,282.51,117.28,160.17
2022-10-24 00:00:00-04:00,147.98,243.5,102.4,119.82,211.25,129.45,12.59,287.48,117.42,162.33
2022-10-25 00:00:00-04:00,150.84,246.86,104.36,120.6,222.42,137.23,13.25,289.24,117.73,162.07
2022-10-26 00:00:00-04:00,147.88,227.81,94.82,115.66,224.64,129.55,12.89,288.52,119.08,163.49
2022-10-27 00:00:00-04:00,143.38,223.31,92.11,110.96,225.09,97.74,13.17,289.88,119.55,163.59
2022-10-28 00:00:00-04:00,154.21,232.29,96.18,103.41,228.52,99.0,13.82,299.63,120.97,166.02
2022-10-31 00:00:00-04:00,151.84,228.61,94.4,102.44,227.54,92.97,13.49,295.09,120.78,165.16
2022-11-01 00:00:00-04:00,149.17,224.71,90.37,96.79,227.82,95.0,13.53,294.13,122.96,164.33
2022-11-02 00:00:00-04:00,143.61,216.76,86.87,92.12,214.98,90.35,13.21,289.46,121.83,161.8
2022-11-03 00:00:00-04:00,137.52,211.0,83.33,89.3,215.31,88.73,13.41,283.85,122.05,162.08
2022-11-04 00:00:00-04:00,137.25,218.03,86.48,90.98,207.47,90.6,14.14,287.47,125.39,162.8
2022-11-07 00:00:00-05:00,137.78,224.41,88.39,90.53,197.08,96.52,14.29,290.19,126.05,164.22
2022-11-08 00:00:00-05:00,138.36,225.4,88.8,89.98,191.3,96.27,14.59,292.61,126.13,165.04
2022-11-09 00:00:00-05:00,133.77,221.1,87.22,86.14,177.59,101.26,13.76,288.65,124.49,163.72
2022-11-10 00:00:00-05:00,145.67,239.29,93.83,96.63,190.72,111.64,15.74,303.2,129.61,165.64
2022-11-11 00:00:00-05:00,148.48,243.36,96.3,100.79,195.97,112.79,16.31,309.72,129.82,160.68
2022-11-14 00:00:00-05:00,147.07,237.88,95.59,98.49,190.95,113.99,16.28,308.91,128.49,163.21
2022-11-15 00:00:00-05:00,148.81,238.3,98.33,98.94,194.42,116.84,16.65,309.98,127.56,163.66
2022-11-16 00:00:00-05:00,147.57,238.73,98.74,97.12,186.92,113.0,15.9,308.76,127.73,164.68
2022-11-17 00:00:00-05:00,149.49,238.68,98.25,94.85,183.17,111.22,15.66,307.44,127.17,166.01
2022-11-18 00:00:00-05:00,150.05,238.23,97.32,94.14,180.19,111.82,15.4,310.76,128.42,167.28
2022-11-21 00:00:00-05:00,146.8,239.05,95.49,92.46,167.87,109.63,15.3,311.2,127.66,168.14
2022-11-22 00:00:00-05:00,148.95,241.99,96.94,93.2,169.91,111.21,16.02,315.76,129.57,168.95
2022-11-23 00:00:00-05:00,149.84,244.51,98.35,94.13,183.2,112.01,16.51,316.18,130.95,169.14
2022-11-25 00:00:00-05:00,146.9,244.42,97.35,93.41,182.86,111.18,16.26,317.43,131.2,169.35
2022-11-28 00:00:00-05:00,143.04,238.76,95.94,93.95,182.92,108.56,15.81,313.27,128.91,169.44
2022-11-29 00:00:00-05:00,140.02,237.35,95.08,92.42,180.83,109.24,15.63,315.13,131.03,168.26
2022-11-30 00:00:00-05:00,146.82,251.98,100.87,96.54,194.7,117.86,16.91,318.6,132.58,170.08
2022-12-01 00:00:00-05:00,147.1,251.53,100.87,95.5,194.7,120.19,17.13,315.84,130.72,170.79
2022-12-02 00:00:00-05:00,146.6,251.86,100.32,94.13,194.86,123.24,16.87,316.15,129.69,170.92
2022-12-05 00:00:00-05:00,145.43,247.1,99.37,91.01,182.45,122.18,16.6,310.57,126.05,170.83
2022-12-06 00:00:00-05:00,141.74,242.08,96.87,88.25,179.82,113.89,15.98,307.78,126.26,168.27
2022-12-07 00:00:00-05:00,139.79,241.34,94.83,88.46,174.04,113.7,16.11,305.82,126.18,169.29
2022-12-08 00:00:00-05:00,141.48,244.33,93.6,90.35,173.44,115.09,17.16,305.99,127.5,169.32
2022-12-09 00:00:00-05:00,141.0,242.38,92.72,89.09,179.05,115.66,16.99,306.39,126.81,167.92
2022-12-12 00:00:00-05:00,143.31,249.38,93.2,90.55,167.82,114.47,17.52,311.45,128.78,169.93
2022-12-13 00:00:00-05:00,144.28,253.73,95.52,92.49,160.95,119.9,18.06,312.33,128.65,171.24
2022-12-14 00:00:00-05:00,142.04,254.03,94.96,91.58,156.8,121.34,17.66,309.29,128.01,171.76
2022-12-15 00:00:00-05:00,135.38,245.92,90.76,88.45,157.67,115.91,16.94,301.91,124.83,169.59
2022-12-16 00:00:00-05:00,133.41,241.66,90.16,87.86,150.23,119.19,16.56,300.0,124.05,167.85
2022-12-19 00:00:00-05:00,131.29,237.47,88.34,84.92,149.87,114.25,16.24,300.03,124.79,167.67
2022-12-20 00:00:00-05:00,131.22,238.8,88.92,85.19,137.8,116.85,16.08,302.0,125.4,167.85
2022-12-21 00:00:00-05:00,134.34,241.4,89.48,86.77,137.57,119.51,16.49,307.82,126.81,169.78
2022-12-22 00:00:00-05:00,131.15,235.24,87.66,83.79,125.35,116.88,15.33,302.69,125.37,169.15
2022-12-23 00:00:00-05:00,130.78,235.77,89.13,85.25,123.15,117.8,15.2,306.49,125.96,169.58
2022-12-27 00:00:00-05:00,128.97,234.02,87.29,83.04,109.1,116.64,14.11,305.55,126.41,169.54
2022-12-28 00:00:00-05:00,125.01,231.62,85.92,81.82,112.71,115.38,14.03,303.43,127.1,168.8
2022-12-29 00:00:00-05:00,128.55,238.02,88.35,84.18,121.82,120.01,14.59,309.06,127.83,169.66
2022-12-30 00:00:00-05:00,128.87,236.85,88.13,84.0,123.18,120.09,14.61,308.9,128.67,168.79
